EXPERIMENT_ID	01_HepG2_LiHG_Ct1_NOMe_S_1
SAMPLE_ID	01_HepG2_LiHG_Ct1
TECHNICAL_REPLICATE_ID	1
BIOLOGICAL_REPLICATE_ID	1
CONTACT_PERSON	Gilles Gasparoni, gillesgasparoni@gmail.com
CONTACT_LAB	Walter
EXPERIMENT_DATE	2013-06-20
EXPERIMENT_TYPE	NOMe
EXTRACTION_PROTOCOL	Sigma GenElute
EXTRACTION_PROTOCOL_STARTING_NR_CELLS	1x10^6
EXTRACTION_PROTOCOL_SONICATION_FRAGMENT_SIZE_RANGE	100-500
BISULFITE_CONVERSION_PROTOCOL	Zymo EZ-DNA methylation
LIBRARY_GENERATION_ADAPTOR_LIGATION_PROTOCOL	Illumina TruSeq SamplePrep v2
LIBRARY_GENERATION_ADAPTOR_SEQUENCE	ACAGTG
LIBRARY_GENERATION_PROTOCOL	Illumina TruSeq SamplePrep v2
LIBRARY_GENERATION_INITIAL_INPUT_QNTY	1550 ng
LIBRARY_GENERATION_PCR_F_PRIMER_SEQUENCE	PCR Primer Cocktail (PPC)
LIBRARY_GENERATION_PCR_NUMBER_CYCLES	9
LIBRARY_GENERATION_PCR_POLYMERASE_TYPE	HotFire Pol (Solis BioDyne)
LIBRARY_GENERATION_PCR_PRIMER_CONC	5 µl of PPC
LIBRARY_GENERATION_PCR_PRODUCT_ISOLATION_PROTOCOL	Ampure Beads XP
LIBRARY_GENERATION_PCR_R_PRIMER_SEQUENCE	PCR Primer Cocktail (PPC)
LIBRARY_GENERATION_PCR_TEMPLATE_CONC	15.5 ng/µl
LIBRARY_GENERATION_PCR_THERMOCYCLING_PROGRAM	15m @ 95°C, 9*(30s @ 96°C, 30s @ 65°C, 30s @ 72°C), 5m @ 72°C, hold at 4°C
LIBRARY_GENERATION_PCR_PRODUCT_LENGTH	400
LIBRARY_GENERATION_FRAGMENT_SIZE_SELECTION	200-500
LIBRARY_GENERATION_cDNA_FRAGMENTATION	Bioruptor NGS
ChromatinAccessibility_METHOD	NOMe
ChromatinAccessibility_PROTOCOL	DEEP.NOMe.v1
ChromatinAccessibility_CHROMATIN_AMOUNT	500000
ChromatinAccessibility_ENZYME	M. CviPI
ChromatinAccessibility_ENZYME_PROVIDER	NEB
ChromatinAccessibility_ENZYME_LOT	N/A
ChromatinAccessibility_ENZYME_AMOUNT	20 U/ml
