EXPERIMENT_ID	41_Mm21_LiTi_OC_RRBS_S_1
SAMPLE_ID	41_Mm21_LiTi_OC
TECHNICAL_REPLICATE_ID	1
BIOLOGICAL_REPLICATE_ID	1
CONTACT_PERSON	Gilles Gasparoni, gillesgasparoni@gmail.com
CONTACT_LAB	Walter
EXPERIMENT_DATE	2014-09-01
EXPERIMENT_TYPE	RRBS
EXTRACTION_PROTOCOL	N/A
EXTRACTION_PROTOCOL_STARTING_NR_CELLS	N/A
EXTRACTION_PROTOCOL_SONICATION_FRAGMENT_SIZE_RANGE	N/A
BISULFITE_CONVERSION_PROTOCOL	Zymo EZ-DNA methylation-Gold
LIBRARY_GENERATION_ADAPTOR_LIGATION_PROTOCOL	DEEP.RRBS.v1
LIBRARY_GENERATION_ADAPTOR_SEQUENCE	CAGATC
LIBRARY_GENERATION_PROTOCOL	DEEP.RRBS.v1
LIBRARY_GENERATION_INITIAL_INPUT_QNTY	200 ng
LIBRARY_GENERATION_PCR_F_PRIMER_SEQUENCE	AATGATACGGCGACCACCGAGATCTACAC
LIBRARY_GENERATION_PCR_NUMBER_CYCLES	14
LIBRARY_GENERATION_PCR_POLYMERASE_TYPE	Qiagen HotStar Taq
LIBRARY_GENERATION_PCR_PRIMER_CONC	N/A
LIBRARY_GENERATION_PCR_PRODUCT_ISOLATION_PROTOCOL	Ampure Beads XP
LIBRARY_GENERATION_PCR_R_PRIMER_SEQUENCE	CAAGCAGAAGACGGCATACGAGAT
LIBRARY_GENERATION_PCR_TEMPLATE_CONC	N/A
LIBRARY_GENERATION_PCR_THERMOCYCLING_PROGRAM	15m @ 95C, 14*(30s @ 95C, 30s @ 60C, 1m @ 72C), 7m @ 72C, hold at 4C
LIBRARY_GENERATION_PCR_PRODUCT_LENGTH	380
LIBRARY_GENERATION_FRAGMENT_SIZE_SELECTION	N/A
LIBRARY_GENERATION_cDNA_FRAGMENTATION	MspI
