EXPERIMENT_ID	01_HepaRG_LiHR_T11_WGBS_S_1
SAMPLE_ID	01_HepaRG_LiHR_T11
TECHNICAL_REPLICATE_ID	1
BIOLOGICAL_REPLICATE_ID	1
CONTACT_PERSON	Gilles Gasparoni, gillesgasparoni@gmail.com
CONTACT_LAB	Walter
EXPERIMENT_DATE	2013-04-24
EXPERIMENT_TYPE	DNA Methylation
EXTRACTION_PROTOCOL	N/A
EXTRACTION_PROTOCOL_STARTING_NR_CELLS	N/A
EXTRACTION_PROTOCOL_SONICATION_FRAGMENT_SIZE_RANGE	100-500
BISULFITE_CONVERSION_PROTOCOL	Zymo EZ-DNA methylation
LIBRARY_GENERATION_ADAPTOR_LIGATION_PROTOCOL	Illumina TruSeq SamplePrep v2
LIBRARY_GENERATION_ADAPTOR_SEQUENCE	GTCCGC
LIBRARY_GENERATION_PROTOCOL	Illumina TruSeq SamplePrep v2
LIBRARY_GENERATION_INITIAL_INPUT_QNTY	4000 ng
LIBRARY_GENERATION_PCR_F_PRIMER_SEQUENCE	PCR Primer Cocktail (PPC)
LIBRARY_GENERATION_PCR_NUMBER_CYCLES	8
LIBRARY_GENERATION_PCR_POLYMERASE_TYPE	HotFire Pol (Solis BioDyne)
LIBRARY_GENERATION_PCR_PRIMER_CONC	5 µl of PPC
LIBRARY_GENERATION_PCR_PRODUCT_ISOLATION_PROTOCOL	Ampure Beads XP
LIBRARY_GENERATION_PCR_R_PRIMER_SEQUENCE	PCR Primer Cocktail (PPC)
LIBRARY_GENERATION_PCR_TEMPLATE_CONC	25 ng/µl
LIBRARY_GENERATION_PCR_THERMOCYCLING_PROGRAM	15m @ 95°C, 8*(30s @ 96°C, 30s @ 65°C, 30s @ 72°C), 5m @ 72°C, hold at 4°C
LIBRARY_GENERATION_PCR_PRODUCT_LENGTH	400
LIBRARY_GENERATION_FRAGMENT_SIZE_SELECTION	200-500
LIBRARY_GENERATION_cDNA_FRAGMENTATION	Bioruptor NGS
PASSAGE	15
