EXPERIMENT_TYPE	DNase
CONTACT_PERSON	Nina Gasparoni, npaelmke@googlemail.com
CONTACT_LAB	Walter
SAMPLE_ID	41_Hf02_LiHe_Ct
EXPERIMENT_ID	41_Hf02_LiHe_Ct_DNase_S_1
EXPERIMENT_DATE	2013-10-11
TECHNICAL_REPLICATE_ID	1
BIOLOGICAL_REPLICATE_ID	2
EXTRACTION_PROTOCOL	DNAse_sizefractionation_v1
EXTRACTION_PROTOCOL_STARTING_NR_CELLS	30.36x10^5
EXTRACTION_PROTOCOL_TYPE_OF_SONICATOR	DNAse
EXTRACTION_PROTOCOL_SONICATION_FRAGMENT_SIZE_RANGE	100-500
LIBRARY_GENERATION_ADAPTOR_LIGATION_PROTOCOL	Illumina TruSeq Chip Sample Prep
LIBRARY_GENERATION_ADAPTOR_SEQUENCE	CAGATC
LIBRARY_GENERATION_PROTOCOL	Illumina TruSeq Chip Sample Prep
LIBRARY_GENERATION_INITIAL_INPUT_QNTY	4.6 ng
LIBRARY_GENERATION_PCR_F_PRIMER_SEQUENCE	TruSeq PCR Primer Cocktail (PPC)
LIBRARY_GENERATION_PCR_NUMBER_CYCLES	8
LIBRARY_GENERATION_PCR_POLYMERASE_TYPE	TruSeq PCR Master Mix
LIBRARY_GENERATION_PCR_PRIMER_CONC	Nach Kit protocol
LIBRARY_GENERATION_PCR_PRODUCT_ISOLATION_PROTOCOL	Ampure Beads 1:1
LIBRARY_GENERATION_PCR_R_PRIMER_SEQUENCE	TruSeq PCR Primer Cocktail (PPC)
LIBRARY_GENERATION_PCR_TEMPLATE_CONC	Everything from library prep
LIBRARY_GENERATION_PCR_THERMOCYCLING_PROGRAM	8*(10s @ 98°C, 30s @ 60°C, 30s @ 72°C), 5m @ 72°C, hold at 4°C
LIBRARY_GENERATION_PCR_PRODUCT_LENGTH	-1
ChromatinAccessibility_METHOD	DNase
ChromatinAccessibility_PROTOCOL	DNAse_Hepatocytes_v1
ChromatinAccessibility_CHROMATIN_AMOUNT	3300000 (viability: 68%)
ChromatinAccessibility_ENZYME	DNAseI type II from bovine pancreas
ChromatinAccessibility_ENZYME_PROVIDER	Sigma
ChromatinAccessibility_ENZYME_LOT	Order# D4527
ChromatinAccessibility_CHROMATIN_STATUS	Fresh
ChromatinAccessibility_ENZYME_AMOUNT	60 U/ml
SEQUENCING_PLATFORM	Illumina HiSeq 2500
SEQUENCING_PLATFORM_VERSION	Illumina HiSeq 2500
SEQUENCING_CYCLES	101
SEQUENCING_PE_TYPE	paired end
SEQUENCING_LANE	6
SEQUENCING_DATE	2013-10-11
SEQUENCING_RUN_TYPE	Multiplexed PE 2x101 + 1 Index
SEQUENCING_CHEMISTRY_VERSION	TruSeq SBS Kit v3
SEQUENCING_CLUSTER_GENERATION_KIT_VERSION	TruSeq PE Cluster Kit v3
SEQUENCING_PROCESSING_SOFTWARE_VERSION	bcl2fastq v1.8.4
SEQUENCING_CONTROL_SOFTWARE_VERSION	HCS 2.0.12.0 / RTA 1.17.21.3 / Recipe Fragment 1.3.61.0
