EXPERIMENT_ID	51_Hf04_BlTN_Ct_RRBS_S_1
SAMPLE_ID	51_Hf04_BlTN_Ct
TECHNICAL_REPLICATE_ID	1
BIOLOGICAL_REPLICATE_ID	1
CONTACT_PERSON	Gilles Gasparoni, gillesgasparoni@gmail.com
CONTACT_LAB	Walter
EXPERIMENT_DATE	2015-06-08
EXPERIMENT_TYPE	RRBS
EXTRACTION_PROTOCOL	N/A
EXTRACTION_PROTOCOL_STARTING_NR_CELLS	N/A
EXTRACTION_PROTOCOL_SONICATION_FRAGMENT_SIZE_RANGE	N/A
BISULFITE_CONVERSION_PROTOCOL	Cambridge Epigenetics True Methyl Kit
LIBRARY_GENERATION_ADAPTOR_LIGATION_PROTOCOL	DEEP.RRBS.v1
LIBRARY_GENERATION_ADAPTOR_SEQUENCE	CGATGT
LIBRARY_GENERATION_PROTOCOL	DEEP.RRBS.v1
LIBRARY_GENERATION_INITIAL_INPUT_QNTY	100 ng
LIBRARY_GENERATION_PCR_F_PRIMER_SEQUENCE	AATGATACGGCGACCACCGAGATCTACAC
LIBRARY_GENERATION_PCR_NUMBER_CYCLES	12
LIBRARY_GENERATION_PCR_POLYMERASE_TYPE	Cambridge Epigentics True Methyl Kit Polymerase
LIBRARY_GENERATION_PCR_PRIMER_CONC	N/A
LIBRARY_GENERATION_PCR_PRODUCT_ISOLATION_PROTOCOL	Ampure Beads XP
LIBRARY_GENERATION_PCR_R_PRIMER_SEQUENCE	CAAGCAGAAGACGGCATACGAGAT
LIBRARY_GENERATION_PCR_TEMPLATE_CONC	N/A
LIBRARY_GENERATION_PCR_THERMOCYCLING_PROGRAM	2m @ 95C, 15*(30s @ 95C, 20s @ 60C, 45s @ 72C), hold at 4C
LIBRARY_GENERATION_PCR_PRODUCT_LENGTH	380
LIBRARY_GENERATION_FRAGMENT_SIZE_SELECTION	N/A
LIBRARY_GENERATION_cDNA_FRAGMENTATION	HaeIII
