EXPERIMENT_ID	41_Hf03_LiHe_Ct_WGBS_S_2
SAMPLE_ID	41_Hf03_LiHe_Ct
TECHNICAL_REPLICATE_ID	2
BIOLOGICAL_REPLICATE_ID	1
CONTACT_PERSON	Gilles Gasparoni, gillesgasparoni@gmail.com
CONTACT_LAB	Walter
EXPERIMENT_DATE	2014-07-15
EXPERIMENT_TYPE	DNA Methylation
EXTRACTION_PROTOCOL	PCI
EXTRACTION_PROTOCOL_STARTING_NR_CELLS	N/A
EXTRACTION_PROTOCOL_SONICATION_FRAGMENT_SIZE_RANGE	N/A
BISULFITE_CONVERSION_PROTOCOL	Zymo EZ-DNA methylation-Gold
LIBRARY_GENERATION_ADAPTOR_LIGATION_PROTOCOL	EpiGnome
LIBRARY_GENERATION_ADAPTOR_SEQUENCE	CTTGTA
LIBRARY_GENERATION_PROTOCOL	EpiGnome
LIBRARY_GENERATION_INITIAL_INPUT_QNTY	100 ng
LIBRARY_GENERATION_PCR_F_PRIMER_SEQUENCE	AATGATACGGCGACCACCGAGATCTACAC
LIBRARY_GENERATION_PCR_NUMBER_CYCLES	9
LIBRARY_GENERATION_PCR_POLYMERASE_TYPE	EpiCentre FailSafe PCR Enzyme
LIBRARY_GENERATION_PCR_PRIMER_CONC	200 nM
LIBRARY_GENERATION_PCR_PRODUCT_ISOLATION_PROTOCOL	Ampure Beads XP
LIBRARY_GENERATION_PCR_R_PRIMER_SEQUENCE	CAAGCAGAAGACGGCATACGAGATNNNNNNGTGACTGGAGTTCAGACGTGTGCTCTTCCGATCT
LIBRARY_GENERATION_PCR_TEMPLATE_CONC	0.5
LIBRARY_GENERATION_PCR_THERMOCYCLING_PROGRAM	1m @ 95°C, 9*(30s @ 95°C, 30s @ 55°C, 3m @ 68°C), 7m @ 68°C, hold at 4°C
LIBRARY_GENERATION_PCR_PRODUCT_LENGTH	380
LIBRARY_GENERATION_FRAGMENT_SIZE_SELECTION	N/A
LIBRARY_GENERATION_cDNA_FRAGMENTATION	N/A
