EXPERIMENT_TYPE	DNA Methylation
CONTACT_PERSON	Christopher Schroeder, christopher.schroeder@tu-dortmund.de
CONTACT_LAB	Horsthemke
SAMPLE_ID	43_Hm05_BlMa_TE
EXPERIMENT_ID	43_Hm05_BlMa_TE_WGBS_E_2
EXPERIMENT_DATE	2014-09-30
TECHNICAL_REPLICATE_ID	2
BIOLOGICAL_REPLICATE_ID	1
EXTRACTION_PROTOCOL	Qiagen
EXTRACTION_PROTOCOL_STARTING_NR_CELLS	1x10^6
EXTRACTION_PROTOCOL_TYPE_OF_SONICATOR	none
EXTRACTION_PROTOCOL_SONICATION_FRAGMENT_SIZE_RANGE	not applicable
BISULFITE_CONVERSION_PROTOCOL	Zymo EZ-DNA methylation-Gold
BISULFITE_CONVERSION_KIT_PROVIDER	Zymo
LIBRARY_GENERATION_ADAPTOR_LIGATION_PROTOCOL	EpiGnome Methyl-Seq
LIBRARY_GENERATION_ADAPTOR_SEQUENCE	AGATCGGAAGA
LIBRARY_GENERATION_PROTOCOL	EpiGnome Methyl-Seq
LIBRARY_GENERATION_INITIAL_INPUT_QNTY	100 ng
LIBRARY_GENERATION_PCR_F_PRIMER_SEQUENCE	PCR Primer Cocktail
LIBRARY_GENERATION_PCR_NUMBER_CYCLES	10
LIBRARY_GENERATION_PCR_POLYMERASE_TYPE	FailSafe PCR enzyme
LIBRARY_GENERATION_PCR_PRODUCT_ISOLATION_PROTOCOL	Ampure Beads XP
LIBRARY_GENERATION_PCR_R_PRIMER_SEQUENCE	PCR Primer Cocktail
LIBRARY_GENERATION_PCR_PRODUCT_LENGTH	300
LIBRARY_GENERATION_FRAGMENT_SIZE_SELECTION	250-500
SEQUENCING_PLATFORM	Illumina HiSeq 2500
SEQUENCING_PLATFORM_VERSION	2000
SEQUENCING_CYCLES	101
SEQUENCING_PE_TYPE	paired end
SEQUENCING_LANE	8
SEQUENCING_DATE	2014-09-30
SEQUENCING_RUN_TYPE	Singleplexed PE 2x100 + 1 Index
SEQUENCING_CHEMISTRY_VERSION	TruSeq SBS Kit v3
SEQUENCING_CLUSTER_GENERATION_KIT_VERSION	TruSeq PE Cluster Kit v3
SEQUENCING_PROCESSING_SOFTWARE_VERSION	bcl2fastq v1.8.2
SEQUENCING_CONTROL_SOFTWARE_VERSION	HCS 2.0.5 / RTA 1.17.20 / Recipe Fragment 1.3.55
