EXPERIMENT_TYPE	ChIP-seq
CONTACT_PERSON	Laura Arrigoni (arrigoni@ie-freiburg.mpg.de); Andreas Richter (arichter@ie-freiburg.mpg.de)
CONTACT_LAB	MPI-IE Deep Sequencing Facility
SAMPLE_ID	43_Hm05_BlMa_TE
EXPERIMENT_DATE	2014-07
EXPERIMENT_ID	43_Hm05_BlMa_TE_H3K36me3_F_1
TECHNICAL_REPLICATE_ID	1
FULL_LENGTH_PROTOCOL_LINK	[MISSING]
BIOLOGICAL_REPLICATE_ID	[MISSING]
EXTRACTION_PROTOCOL	Arrigoni L. et al. (article in preparation)
EXTRACTION_PROTOCOL_SONICATION_CYCLES	Duty Cycle: 5 , Peak Incident Power: 140 , Cycles per Burst: 200 , Processing Time: 15 min
EXTRACTION_PROTOCOL_TYPE_OF_SONICATOR	Covaris S220
DNA_PREPARATION_FRAGMENT_SIZE_RANGE	200-700 bp
DNA_PREPARATION_INITIAL_DNA_QNTY	27.4 ng/µl
CHIP_PROTOCOL	Auto Histone ChIP Kit (Diagenode). Indirect method: ChIP_IPure_200. 13 hrs antibody incubation, 4 hrs beads incubation, 5 min washes. Decrosslink + RNase/Proteinase K treatment 30 min 37 degrees + 4 hrs 65 degrees. Purification with Qiagen MinElute kit.
CHIP_PROTOCOL_CHROMATIN_AMOUNT	2.74 µg DNA
CHIP_ANTIBODY	H3K36me3
CHIP_ANTIBODY_CATALOG	C15410192
CHIP_ANTIBODY_LOT	A1847-001P
CHIP_ANTIBODY_PROVIDER	Diagenode
CHIP_PROTOCOL_ANTIBODY_AMOUNT	1 µg
CHIP_PROTOCOL_BEAD_AMOUNT	15 µl
CHIP_PROTOCOL_BEAD_TYPE	A-conjugated magnetic beads (Diagenode)
LIBRARY_GENERATION_PROTOCOL	NEBNext Ultra DNA Kit (NEB, E7370)
LIBRARY_GENERATION_ADAPTOR_SEQUENCE	NEBNext Adaptor for Illumina (NEB,E7335); 5'-/5Phos/GATCGGAAGAGCACACGTCTGAACTCCAGTC/ideoxyU/ACACTCTTTCCCTACACGACGCTCTTCCGATC*T-3'
LIBRARY_GENERATION_PCR_F_PRIMER_SEQUENCE	NEBNext Universal PCR Primer for Illumina (NEB, E7335); 5'-AATGATACGGCGACCACCGAGATCTACACTCTTTCCCTACACGACGCTCTTCCGATC*T-3'
LIBRARY_GENERATION_PCR_R_PRIMER_SEQUENCE	NEBNext Index 4 Primer for Illumina (NEB, E7335); 5´-CAAGCAGAAGACGGCATACGAGATTGGTCAGTGACTGGAGTTCAGACGTGTGCTCTTCCGATC-s-T-3´
LIBRARY_GENERATION_PCR_PRIMER_CONC	not given in the protocol (1µl of universal and 1 µl of index primer per 50 µl PCR reaction)
LIBRARY_GENERATION_PCR_NUMBER_CYCLES	8
LIBRARY_GENERATION_PCR_POLYMERASE_TYPE	NEBNext High Fidelity (NEB, E7370)
LIBRARY_GENERATION_PCR_THERMOCYCLING_PROGRAM	Initial Denaturation: 98°C for 30 sec; 10 cycles: 98°C for 10 sec, 65°C for 30 sec, 72°C for 30 sec; Final extension: 72°C for 5 min; Hold at 4°C
LIBRARY_GENERATION_PCR_TEMPLATE_CONC	Prior to PCR not meassured, Starting amount for library preparation: 10 ng fragmented IP DNA
LIBRARY_GENERATION_PCR_PRODUCT_ISOLATION_PROTOCOL	Agencourt AMPure XP Beads (Beckman Coulter, A63881)
LIBRARY_GENERATION_PCR_PRODUCT_LENGTH	Fragment size distribution from 200 bp to 2000 bp, Peak fragment size: 512 bp
LIBRARY_GENERATION_FRAGMENT_SIZE_SELECTION	no size selection
SEQUENCING_PLATFORM	Illumina HiSeq 2500
SEQUENCING_PLATFORM_VERSION	Illumina HiSeq 2500
SEQUENCING_CYCLES	2x50 bp, 7 bp Index
SEQUENCING_PE_TYPE	paired end
SEQUENCING_LANE	1-8
SEQUENCING_FC_ID	C4VD9ACXX
SEQUENCING_DATE	2014-08-03
SEQUENCING_RUN_TYPE	multiplex paired end (2x53 bp, 7 bp Index)
SEQUENCING_CHEMISTRY_VERSION	TruSeq SBS Kit v3 - HS (50-cycles)
SEQUENCING_CLUSTER_GENERATION_KIT_VERSION	TruSeq PE Cluster Kit v3 - cBot - HS
SEQUENCING_PROCESSING_SOFTWARE_VERSION	bcl2fastq 1.8.3
SEQUENCING_CONTROL_SOFTWARE_VERSION	HCS 2.0.12.0 / RTA 1.17.21.3 / Recipe Fragment 1.3.61.0
