METADATA_TAG	METADATA_VALUE
CONTACT_PERSON	Madlen Sohn (madlen.sohn@mdc-berlin.de)
CONTACT_LAB	MDC
SAMPLE_ID	51_Hf10_SFTM4_RD
EXPERIMENT_TYPE	StrandedTotalRNA-seq
EXPERIMENT_DATE	02/24/16
EXPERIMENT_ID	51_Hf10_SFTM4_RD_tRNA_M_1
TECHNICAL_REPLICATE_ID	0
FULL_LENGTH_PROTOCOL_LINK	http://supportres.illumina.com/documents/documentation/chemistry_documentation/samplepreps_truseq/truseqstrandedtotalrna/truseq-stranded-total-rna-sample-prep-guide-15031048-e.pdf
BIOLOGICAL_REPLICATE_ID	0
EXTRACTION_PROTOCOL	TRIzol RNA Isolation for Cells. TRIzol (Life Technologies, 15596-018) RNA Isolation, performed following the manufacturer instruction to isolate total RNA, used 1 ml TRIzol per Sample. Followed by Isopropyl alcohol/Ethanol precipitation
EXTRACTION_PROTOCOL_STARTING_NR_CELLS	50x10^6
LIBRARY_GENERATION_PROTOCOL	Illumina TrueSeq stranded totalRNA (Part # 15031048 Rev. E)
LIBRARY_GENERATION_INITIAL_INPUT_QNTY	500 ng total RNA
LIBRARY_GENERATION_PCR_F_PRIMER_SEQUENCE	5'-ATGATACGGCGACCACCGAGATCTACACTCTTTCCCTACACGACGCTCTTCCGATCT
LIBRARY_GENERATION_PCR_NUMBER_CYCLES	15
LIBRARY_GENERATION_PCR_POLYMERASE_TYPE	From mastermix of TruSeq stranded totalRNA kit
LIBRARY_GENERATION_PCR_PRODUCT_ISOLATION_PROTOCOL	AmpureXP beads
LIBRARY_GENERATION_PCR_R_PRIMER_SEQUENCE	5' GATCGGAAGAGCACACGTCTGAACTCCAGTCAC GCCAAT ATCTCGTATGCCGTCTTCTGCTTG
LIBRARY_GENERATION_PCR_TEMPLATE_CONC	500 ng total RNA
LIBRARY_GENERATION_PCR_THERMOCYCLING_PROGRAM	"30"" 9degC, [10"" 98degC, 30"" 60degC, 30"" 72degC] 15 cycles, 5' 72degC, hold 4degC"
LIBRARY_GENERATION_PCR_PRODUCT_LENGTH	317
LIBRARY_GENERATION_FRAGMENT_SIZE_SELECTION	none
LIBRARY_GENERATION_cDNA_FRAGMENTATION	Full-length cDNA was sheared using fragmentation mix from TruSeq kit, 8 min at 94°C
RNA_PROTOCOL_ENRICHMENT	RiboZeroGold depleted total RNA
RNA_cDNA_PREPARATION_INITIAL_RNA_QNTY	500 ng total RNA
RNA_cDNA_PREPARATION_PCR_NUMBER_CYCLES	0
RNA_cDNA_PREPARATION_REVERSE_TRANSCRIPTION_PROTOCOL	16°C for 1h
RNA_EXTRACTION_PROTOCOL	Trizol (Life Technologies Cat. No. 15596-018)
RNA_EXTRACTION_PROTOCOL_FRAGMENTATION	0
RNA_PREPARATION_FRAGMENT_SIZE_RANGE	0
RNA_PREPARATION_INITIAL_QNTY	500 ng total RNA
RNA_PREPARATION_3'_RNA_ADAPTER_LIGATION_PROTOCOL	according to Illumina TruSeq stranded totalRNA protocol
RNA_PREPARATION_3'_RNA_ADAPTER_SEQUENCE	according to Illumina TruSeq stranded totalRNA protocol
RNA_PREPARATION_5'_DEPHOSPHORYLATION	according to Illumina TruSeq stranded totalRNA protocol
RNA_PREPARATION_5'_PHOSPHORYLATION	according to Illumina TruSeq stranded totalRNA protocol
RNA_PREPARATION_5'_RNA_ADAPTER_LIGATION_PROTOCOL	according to Illumina TruSeq stranded totalRNA protocol
RNA_PREPARATION_5'_RNA_ADAPTER_SEQUENCE	according to Illumina TruSeq stranded totalRNA protocol
RNA_PREPARATION_REVERSE_TRANSCRIPTION_PRIMER_SEQUENCE	according to Illumina TruSeq stranded totalRNA protocol
RNA_PREPARATION_REVERSE_TRANSCRIPTION_PROTOCOL	according to Illumina TruSeq stranded totalRNA protocol
SEQUENCING_PLATFORM	Illumina HiSeq 2500
SEQUENCING_PLATFORM_VERSION	2000
SEQUENCING_CYCLES	209
SEQUENCING_PE_TYPE	paired end
SEQUENCING_LANE	8
SEQUENCING_DATE	04/04/16
SEQUENCING_RUN_TYPE	Multiplexed PE 2x101 + 7 Index
SEQUENCING_CHEMISTRY_VERSION	TruSeq 200 cycle kit v3
SEQUENCING_CLUSTER_GENERATION_KIT_VERSION	SR TruSeq Cluster Kit v3
SEQUENCING_PROCESSING_SOFTWARE_VERSION	bcl2fastq 2.17.1.14
SEQUENCING_CONTROL_SOFTWARE_VERSION	HCS 2.2.58 / RTA 1.18.64/ Recipe Fragment: 1.5.210
