EXPERIMENT_TYPE	RNA-Seq
CONTACT_PERSON	Anupam Sinha(a.sinha@ikmb.uni-kiel.de)
CONTACT_LAB	Philip Rosenstiel
SAMPLE_ID	41_Hm07_LiHe_St
EXPERIMENT_ID	41_Hm07_LiHe_St_tRNA_K_1
TECHNICAL_REPLICATE_ID	1
FULL_LENGTH_PROTOCOL_LINK	http://support.illumina.com/downloads/truseq_stranded_total_rna_sample_preparation_guide_15031048.html
LIBRARY_GENERATION_PROTOCOL	TruSeq stranded total RNA (Part # 15031048 Rev. C)
LIBRARY_GENERATION_INITIAL_INPUT_QNTY	500 ng
LIBRARY_GENERATION_PCR_F_PRIMER_SEQUENCE	5'-AATGATACGGCGACCACCGAGATCTACACTCTTTCCCTACACGACGCTCTTCCGATCT
LIBRARY_GENERATION_PCR_NUMBER_CYCLES	15
LIBRARY_GENERATION_PCR_POLYMERASE_TYPE	From mastermix of TruSeq stranded mRNA kit
LIBRARY_GENERATION_PCR_PRODUCT_ISOLATION_PROTOCOL	AmpureXP beads
LIBRARY_GENERATION_PCR_R_PRIMER_SEQUENCE	5'-GATCGGAAGAGCACACGTCTGAACTCCAGTCACATCACGATCTCGTATGCCGTCTTCTGCTTG
LIBRARY_GENERATION_PCR_TEMPLATE_CONC	500 ng total RNA
LIBRARY_GENERATION_PCR_THERMOCYCLING_PROGRAM	"30"" 98 deg C, [10"" 98 deg C, 30"" 60 deg C, 30"" 72 deg C] 15 cycles, 5' 72 deg C, hold 4 deg C"
LIBRARY_GENERATION_PCR_PRODUCT_LENGTH	254
LIBRARY_GENERATION_FRAGMENT_SIZE_SELECTION	none
LIBRARY_GENERATION_cDNA_FRAGMENTATION	Full-length cDNA was sheared using fragmentation mix from TruSeq kit, 8 min at 94Â°C
RNA_PROTOCOL_ENRICHMENT	RiboZeroGold depleted total RNA
RNA_cDNA_PREPARATION_INITIAL_RNA_QNTY	500 ng total RNA
RNA_cDNA_PREPARATION_PCR_NUMBER_CYCLES	0
RNA_cDNA_PREPARATION_REVERSE_TRANSCRIPTION_PROTOCOL	according to Illumina TruSeq stranded totalRNA protocol
RNA_EXTRACTION_PROTOCOL	Trizol (Life Technologies Cat. No. 15596-018)
RNA_EXTRACTION_PROTOCOL_FRAGMENTATION	0
RNA_PREPARATION_FRAGMENT_SIZE_RANGE	0
RNA_PREPARATION_INITIAL_QNTY	500 ng total RNA
RNA_PREPARATION_3'_RNA	according to Illumina TruSeq stranded totalRNA protocol
RNA_PREPARATION_3'_RNA_ADAPTER_SEQUENCE	according to Illumina TruSeq stranded totalRNA protocol
RNA_PREPARATION_5'_DEPHOSPHORYLATION	according to Illumina TruSeq stranded totalRNA protocol
RNA_PREPARATION_5'_PHOSPHORYLATION	according to Illumina TruSeq stranded totalRNA protocol
RNA_PREPARATION_5'_RNA_ADAPTER_LIGATION_PROTOCOL	according to Illumina TruSeq stranded totalRNA protocol
RNA_PREPARATION_5'_RNA_ADAPTER_SEQUENCE	according to Illumina TruSeq stranded totalRNA protocol
RNA_PREPARATION_REVERSE_TRANSCRIPTION_PRIMER_SEQUENCE	according to Illumina TruSeq stranded totalRNA protocol
RNA_PREPARATION_REVERSE_TRANSCRIPTION_PROTOCOL	according to Illumina TruSeq stranded totalRNA protocol
SEQUENCING_PLATFORM	Illumina HiSeq 2500
SEQUENCING_PLATFORM_VERSION	Illumina HiSeq 2500
SEQUENCING_CYCLES	2x125
SEQUENCING_PE_TYPE	paired end
SEQUENCING_LANE	4
SEQUENCING_DATE	23/07/2015
SEQUENCING_RUN_TYPE	Multiplexed PE 2x125 + 7 Index
SEQUENCING_CHEMISTRY_VERSION	TruSeq 200 cycle kit v4
SEQUENCING_CLUSTER_GENERATION_KIT_VERSION	PE TruSeq Cluster Kit v4
SEQUENCING_PROCESSING_SOFTWARE_VERSION	CASAVA 1.8.2
SEQUENCING_CONTROL_SOFTWARE_VERSION	HCS 2.2.28 / RTA 1.18.66 / Recipe Fragment 1.5.21
