EXPERIMENT_TYPE	RNA-seq (ribo-depleted)
CONTACT_PERSON	Matthias Barann
CONTACT_LAB	Philip Rosenstiel
SAMPLE_ID	41_Mm09_LiHe_OC
EXPERIMENT_DATE	2014-08-05
EXPERIMENT_ID	41_Mm09_LiHe_OC_tRNA_K_1
TECHNICAL_REPLICATE_ID	1
FULL_LENGTH_PROTOCOL_LINK	http://supportres.illumina.com/documents/documentation/chemistry_documentation/samplepreps_truseq/truseqstrandedtotalrna/truseq-stranded-total-rna-sample-prep-guide-15031048-e.pdf
BIOLOGICAL_REPLICATE_ID	1
EXTRACTION_PROTOCOL	TRIzol RNA Isolation for Cells. TRIzol (Life Technologies, 15596-018) RNA Isolation, performed following the manufacturer instruction to isolate total RNA with the following changes: 1) First centrifugation step at 12000 g and 4°C for 10 min (not 15 min). 2) Incubation in water bath at 55-60°C for 10-15 min. is skipped. Used 1 ml TRIzol per Sample. Followed by Isopropyl alcohol/Ethanol precipitation
EXTRACTION_PROTOCOL_STARTING_NR_CELLS	5x10^6
LIBRARY_GENERATION_PROTOCOL	Illumina TrueSeq stranded totalRNA (Part # 15031048 Rev. E)
LIBRARY_GENERATION_INITIAL_INPUT_QNTY	500 ng total RNA
LIBRARY_GENERATION_PCR_F_PRIMER_SEQUENCE	5'-AATGATACGGCGACCACCGAGATCTACACTCTTTCCCTACACGACGCTCTTCCGATCT
LIBRARY_GENERATION_PCR_NUMBER_CYCLES	15
LIBRARY_GENERATION_PCR_POLYMERASE_TYPE	From mastermix of TruSeq stranded totalRNA kit
LIBRARY_GENERATION_PCR_PRIMER_CONC	[MISSING]
LIBRARY_GENERATION_PCR_PRODUCT_ISOLATION_PROTOCOL	AmpureXP beads
LIBRARY_GENERATION_PCR_R_PRIMER_SEQUENCE	5'-GATCGGAAGAGCACACGTCTGAACTCCAGTCACAGTCAACAATCTCGTATGCCGTCTTCTGCTTG
LIBRARY_GENERATION_PCR_TEMPLATE_CONC	500 ng total RNA
LIBRARY_GENERATION_PCR_THERMOCYCLING_PROGRAM	30s 98°C, [10s 98°C, 30s 60°C, 30s 72°C] 15 cycles, 5 min 72°C, hold 4°C
LIBRARY_GENERATION_PCR_PRODUCT_LENGTH	257
LIBRARY_GENERATION_FRAGMENT_SIZE_SELECTION	none
LIBRARY_GENERATION_cDNA_FRAGMENTATION	Full-length cDNA was sheared using fragmentation mix from TruSeq kit, 8 min at 94°C
RNA_PROTOCOL_ENRICHMENT	RiboZeroGold depleted total RNA
RNA_cDNA_PREPARATION_INITIAL_RNA_QNTY	500 ng total RNA
RNA_cDNA_PREPARATION_PCR_NUMBER_CYCLES	0
RNA_cDNA_PREPARATION_REVERSE_TRANSCRIPTION_PROTOCOL	[MISSING]
RNA_EXTRACTION_PROTOCOL	Trizol (Life Technologies Cat. No. 15596-018)
RNA_EXTRACTION_PROTOCOL_FRAGMENTATION	0
RNA_PREPARATION_FRAGMENT_SIZE_RANGE	0
RNA_PREPARATION_INITIAL_QNTY	500 ng total RNA
RNA_PREPARATION_3'_RNA_ADAPTER_LIGATION_PROTOCOL	according to Illumina TruSeq stranded totalRNA protocol
RNA_PREPARATION_3'_RNA_ADAPTER_SEQUENCE	according to Illumina TruSeq stranded totalRNA protocol
RNA_PREPARATION_5'_DEPHOSPHORYLATION	according to Illumina TruSeq stranded totalRNA protocol
RNA_PREPARATION_5'_PHOSPHORYLATION	according to Illumina TruSeq stranded totalRNA protocol
RNA_PREPARATION_5'_RNA_ADAPTER_LIGATION_PROTOCOL	according to Illumina TruSeq stranded totalRNA protocol
RNA_PREPARATION_5'_RNA_ADAPTER_SEQUENCE	according to Illumina TruSeq stranded totalRNA protocol
RNA_PREPARATION_REVERSE_TRANSCRIPTION_PRIMER_SEQUENCE	according to Illumina TruSeq stranded totalRNA protocol
RNA_PREPARATION_REVERSE_TRANSCRIPTION_PROTOCOL	according to Illumina TruSeq stranded totalRNA protocol
SEQUENCING_PLATFORM	Illumina HiSeq 2500
SEQUENCING_PLATFORM_VERSION	2000
SEQUENCING_CYCLES	2x101
SEQUENCING_PE_TYPE	paired end
SEQUENCING_LANE	1
SEQUENCING_DATE	2014-08-05
SEQUENCING_RUN_TYPE	Multiplexed PE 2x101 + 6 Index
SEQUENCING_CHEMISTRY_VERSION	TruSeq 200 cycle kit v3
SEQUENCING_CLUSTER_GENERATION_KIT_VERSION	PE TruSeq Cluster Kit v3
SEQUENCING_PROCESSING_SOFTWARE_VERSION	CASAVA 1.8.2
SEQUENCING_CONTROL_SOFTWARE_VERSION	HCS 2.0.12.0 / RTA 1.17.21.3 / Recipe Fragment 1.3.61.0
