EXPERIMENT_ID	41_Hm08_LiHe_St_WGBS_S_1
SAMPLE_ID	41_Hm08_LiHe_St
TECHNICAL_REPLICATE_ID	1
BIOLOGICAL_REPLICATE_ID	1
CONTACT_PERSON	Gilles Gasparoni, gillesgasparoni@gmail.com
CONTACT_LAB	Walter
EXPERIMENT_DATE	2015-05-04
EXPERIMENT_TYPE	DNA Methylation
EXTRACTION_PROTOCOL	PCI
EXTRACTION_PROTOCOL_STARTING_NR_CELLS	N/A
EXTRACTION_PROTOCOL_SONICATION_FRAGMENT_SIZE_RANGE	100-500
BISULFITE_CONVERSION_PROTOCOL	Zymo EZ-DNA methylation-Gold
LIBRARY_GENERATION_ADAPTOR_LIGATION_PROTOCOL	Illumina TruSeq PCR free library preparation
LIBRARY_GENERATION_ADAPTOR_SEQUENCE	ACAGTG
LIBRARY_GENERATION_PROTOCOL	Illumina TruSeq PCR free library preparation
LIBRARY_GENERATION_INITIAL_INPUT_QNTY	1000 ng
LIBRARY_GENERATION_PCR_F_PRIMER_SEQUENCE	AATGATACGGCGACCACCGAGATCTACAC
LIBRARY_GENERATION_PCR_NUMBER_CYCLES	8
LIBRARY_GENERATION_PCR_POLYMERASE_TYPE	KAPA HiFi HotStart Uracil+ Ready Mix
LIBRARY_GENERATION_PCR_PRIMER_CONC	200 nM
LIBRARY_GENERATION_PCR_PRODUCT_ISOLATION_PROTOCOL	Ampure Beads XP
LIBRARY_GENERATION_PCR_R_PRIMER_SEQUENCE	CAAGCAGAAGACGGCATACGAGAT
LIBRARY_GENERATION_PCR_TEMPLATE_CONC	N/A
LIBRARY_GENERATION_PCR_THERMOCYCLING_PROGRAM	5m @ 95C, 8*(20s @ 98C, 30s @ 60C, 1m @ 72C), 7m @ 72C, hold at 4C
LIBRARY_GENERATION_PCR_PRODUCT_LENGTH	450
LIBRARY_GENERATION_FRAGMENT_SIZE_SELECTION	200-500
LIBRARY_GENERATION_cDNA_FRAGMENTATION	Bioruptor NGS
